﻿<?xml version="1.0" encoding="utf-8" standalone="yes"?>
<language alias="en" intName="English (US)" localName="English (US)" lcid="" culture="en-US">
  <creator>
    <name>Jonathan Richards</name>
  </creator>

  <area alias="Shield.MediaProtection">
    <key alias="HotlinkingLabel">Hot Linking Protection</key>
    <key alias="HotlinkingDescription">Stop unauthorized users from accessing your assets from other websites</key>
    <key alias="HotlinkingDirectoriesDescription">Select the folders of your website you wish to apply hot linking protection to. These should be folders containing .css, .js, .png, etc. files</key>

    <key alias="MemberOnlyMediaLabel">Secure Media</key>
    <key alias="MemberOnlyMediaDescription">Enable media to be only accessible by logged in members</key>
  </area>

</language>