﻿<?xml version="1.0" encoding="utf-8" standalone="yes"?>
<language alias="en" intName="English (US)" localName="English (US)" lcid="" culture="en-US">
  <creator>
    <name>Joshua Richards</name>
  </creator>

  <area alias="Shield.BackofficeAccess.General">
    <key alias="AreaName">Backoffice Access</key>
  </area>

  <area alias="Shield.BackofficeAccess.Properties">
    <key alias="BackendAccessUrlLabel">Backend Office Access URL</key>
    <key alias="BackendAccessUrlDescription">The URL used to access the CMS</key>

    <key alias="UnauthorisedActionLabel">Unauthorised Action</key>
    <key alias="UnauthorisedActionDescription">Whether to redirect the user or to rewrite the request to another location, when from a disallowed IP Address</key>
  </area>

  <area alias="Shield.BackofficeAccess.ErrorMessages">
    <key alias="InvalidBackendAccessUrl">This can be any valid combination of letters and/or numbers, non-case sensitive. You cannot use white space, symbols or special characters</key>
    <key alias="InvalidUnauthorisedUrl">Invalid Url, please provide a valid relative Url i.e. /404</key>
  </area>
</language>