﻿<?xml version="1.0" encoding="utf-8" standalone="yes"?>
<language alias="en" intName="English (US)" localName="English (US)" lcid="" culture="en-US">
  <creator>
    <name>Joshua Richards</name>
  </creator>

  <area alias="Shield.FrontendAccess.General">
    <key alias="Name">Frontend Access</key>
    <key alias="Description">Lock down the frontend to only be viewed by Umbraco Authenticated Users and/or secure the frontend via IP restrictions</key>
  </area>

  <area alias="Shield.FrontendAccess.Properties">
    <key alias="UmbracoUsersEnableDescription">Whether or not the Frontend is accessible by users who have authenticated as an Umbraco User</key>
  </area>
  
</language>