﻿<?xml version="1.0" encoding="utf-8" standalone="yes"?>
<language alias="en" intName="English (US)" localName="English (US)" lcid="" culture="en-US">
  <creator>
    <name>Joshua Richards</name>
  </creator>

  <area alias="Shield.UmbracoAccess.General">
    <key alias="AreaName">Umbraco Access</key>
    <key alias="IpAddress">IP Address</key>
    <key alias="Description">Description</key>
  </area>

  <area alias="Shield.UmbracoAccess.Properties">
    <key alias="EnableLabel">Enable</key>
    <key alias="EnableDescription">Whether or not this plugin is active</key>

    <key alias="BackendAccessUrlLabel">Backend Office Access URL</key>
    <key alias="BackendAccessUrlDescription">The URL used to access the CMS.</key>
    
    <key alias="RedirectRewriteLabel">Redirect or Rewrite</key>
    <key alias="RedirectRewriteDescription">Whether or not to redirect the user or to rewrite the url to another location.</key>
    
    <key alias="UnauthorisedUrlTypeLabel">Unauthorised Url Type</key>
    <key alias="UnauthorisedUrlTypeDescription">The type of selector for the Unauthorised Url.</key>

    <key alias="UnauthorisedUrlLabel">Unauthorised Url</key>
    <key alias="UnauthorisedUrlDescription">The Url to redirect/rewrite the user to when from a disallowed IP Address.</key>
    <key alias="UnauthorisedUrlXPathDescription">The XPath to the content node to redirect/rewrite the user to when from a disallowed IP Address.</key>
    <key alias="UnauthorisedUrlContentPickerDescription">Select the content node to redirect/rewrite the user to when from a disallowed IP Address.</key>

    <key alias="AllowedIPsLabel">White-listed IP address(es)</key>
    <key alias="AllowedIPsDescription">The allowed IP address(es) that can access the Backend Office Access Url.</key>
  </area>

  <area alias="Shield.UmbracoAccess.SuccessMessages">
    <key alias="Updated">Successfully Updated!</key>
  </area>

  <area alias="Shield.UmbracoAccess.AlertMessages">
    <key alias="ConfirmRemoveIp">Are you sure you want to remove IP Address: </key>
  </area>

  <area alias="Shield.UmbracoAccess.ErrorMessages">
    <key alias="GetConfiguration">Something went wrong getting the configuration, the error has been logged.</key>
    <key alias="UpdateConfiguration">Something went wrong saving the changes. The error has been logged.</key>
    <key alias="IpRequired">IP Address is required.</key>
    <key alias="IpInvalid">Invalid IP Address. Please enter a valid IPv4 or IPv6 address (cidr optional).</key>
    <key alias="IpDuplicate">IP Address has already been added</key>
  </area>
</language>