﻿<?xml version="1.0" encoding="utf-8" standalone="yes"?>
<language alias="en" intName="English (US)" localName="English (US)" lcid="" culture="en-US">
  <creator>
    <name>Joshua Richards</name>
  </creator>

  <area alias="sections">
    <key alias="shield">Shield</key>
  </area>

  <area alias="Shield.General">
    <key alias="Name">Shield</key>
    <key alias="Add">Add</key>
    <key alias="Edit">Edit</key>
    <key alias="Update">Update</key>
    <key alias="Remove">Remove</key>
    <key alias="SaveConfigurationSuccess">Have successfully updated the App</key>
    <key alias="SaveEnvironmentSuccess">Have successfully updated the environment</key>
    <key alias="SaveConfigurationError">Unable to update configuration</key>
    <key alias="SaveEnvironmentError">Unable to update environment</key>
    <key alias="DeleteEnvironmentSuccess">Successfully deleted environment</key>
    <key alias="DeleteEnvironmentError">Unable to delete environment</key>
    <key alias="CreateEnvironmentSuccess">Successfully created new environment</key>
    <key alias="CreateEnvironmentError">Unable to create environment</key>
    <key alias="SortEnvironmentError">Unable to re-order the environments, there was an error</key>
    <key alias="InvalidSaveConfigurationError">Unable to update app, there are validation errors</key>
    <key alias="InvalidSaveEnvironmentError">Unable to update environment, there are validation errors</key>
    <key alias="InvalidCreateEnvironmentError">Unable to create environment, there are validation errors</key>
  </area>

  <area alias="Shield.General.Properties">
    <key alias="EnableLabel">Enable</key>
    <key alias="EnableDescription">Is this App active</key>
  </area>

  <area alias="Shield.EnvironmentProperties">
    <key alias="EnableDescription">Is this Environment active</key>
    <key alias="ContinueProcessingLabel">Continue Processing</key>
    <key alias="ContinueProcessingDescription">When this environment matches active security requests, do you allow later environments to process requests too (False is recommended, otherwise you can have multiple actions on a single request)</key>
    <key alias="DomainsLabel">Domains</key>
    <key alias="DomainsDescription">The domains that are associated to this environment</key>
    <key alias="ColorIndicatorLabel">Color Indicator</key>
    <key alias="ColorIndicatorDescription">Change the color of Umbraco favicon and navigation to easily determine the environment your on</key>
  </area>
  
  <area alias="Shield.EnvironmentProperties.Table">
    <key alias="DomainsHeader">Domain</key>
  </area>

  <area alias="Shield.EnvironmentProperties.ErrorMessages">
    <key alias="DomainRequired">Domain is required</key>
    <key alias="DomainInvalid">Domain is invalid</key>
    <key alias="ColorIndicatorRequired">Color Indicator is required</key>
    <key alias="ColorIndicatorInvalid">Invalid hexedecimal color</key>
  </area>
</language>