﻿<?xml version="1.0" encoding="utf-8" standalone="yes"?>
<language alias="en" intName="English (US)" localName="English (US)" lcid="" culture="en-US">
  <creator>
    <name>Joshua Richards</name>
  </creator>

  <area alias="sections">
    <key alias="shield">Shield</key>
  </area>

  <area alias="Shield.General">
    <key alias="Name">Shield</key>
    <key alias="Add">Add</key>
    <key alias="Edit">Edit</key>
    <key alias="Update">Update</key>
    <key alias="Remove">Remove</key>
    <key alias="SaveSuccess">Have successfully saved the configuration of your App</key>
    <key alias="SaveError">Unable to save configuration</key>
    <key alias="InvalidError">Unable to update, there are validation errors</key>
  </area>

  <area alias="Shield.General.Properties">
    <key alias="EnableLabel">Enable</key>
    <key alias="EnableDescription">Is this App active</key>
  </area>
</language>